pr,issue,autor,base,abierto,mergeado,horas,archivos,agregadas,borradas,corridas_ci,fallas_ci,tokens,minutos_sesion,bitacora
137,,SantiagoBriz,dev,2026-08-22T18:17:56Z,2026-08-22T18:25:08Z,0.1,9,168,33,1,0,,,
138,,SantiagoBriz,dev,2026-08-22T18:29:26Z,2026-08-22T18:35:23Z,0.1,2,284,1,1,0,,,
139,,SantiagoBriz,dev,2026-08-22T18:50:34Z,2026-08-22T18:54:16Z,0.1,5,357,0,1,0,,,
140,,SantiagoBriz,staging,2026-08-22T19:02:19Z,2026-08-22T19:03:43Z,0.0,30,1474,121,0,0,,,
141,,SantiagoBriz,main,2026-08-22T19:04:38Z,2026-08-22T19:06:35Z,0.0,30,1474,121,1,0,,,
142,,SantiagoBriz,dev,2026-08-22T19:10:36Z,2026-08-22T19:14:09Z,0.1,3,53,4,1,0,,,
143,,SantiagoBriz,dev,2026-08-22T21:24:20Z,2026-08-22T21:57:35Z,0.6,3,50,59,2,0,,,
144,,SantiagoBriz,dev,2026-08-25T02:24:35Z,2026-08-25T23:10:02Z,20.8,5,289,78,1,0,,,
147,,SantiagoBriz,dev,2026-08-25T17:26:41Z,2026-08-25T19:18:29Z,1.9,1,14,8,1,0,,,
148,,SantiagoBriz,staging,2026-08-25T19:19:13Z,2026-08-25T20:44:59Z,1.4,5,117,71,0,0,,,
149,,SantiagoBriz,dev,2026-08-25T21:18:05Z,2026-08-26T01:17:02Z,4.0,2,15,2,1,0,,,
150,146,giuliannadr,staging,2026-08-25T23:12:30Z,2026-08-26T22:33:25Z,23.3,19,1350,106,0,0,,,
151,,SantiagoBriz,dev,2026-08-26T01:37:01Z,2026-08-26T14:27:28Z,12.8,1,13,11,1,0,,,
152,93,SantiagoBriz,dev,2026-08-26T14:37:04Z,2026-08-26T16:45:27Z,2.1,4,371,2,1,0,,,
153,115,giuliannadr,dev,2026-08-26T16:04:31Z,2026-08-26T18:44:15Z,2.7,6,637,0,2,0,,,
155,145,giuliannadr,dev,2026-08-26T18:36:44Z,2026-08-26T18:43:57Z,0.1,1,25,13,1,0,,,
156,116,giuliannadr,dev,2026-08-26T22:30:31Z,2026-08-26T22:39:20Z,0.1,14,948,4,1,0,,,
157,,giuliannadr,staging,2026-08-26T22:40:03Z,2026-08-26T23:22:17Z,0.7,16,977,4,1,0,,,
158,,giuliannadr,dev,2026-08-26T22:49:35Z,2026-08-26T22:55:52Z,0.1,2,29,0,1,0,,,
159,,giuliannadr,dev,2026-08-26T23:05:43Z,2026-08-26T23:11:52Z,0.1,0,0,0,1,0,,,
160,,giuliannadr,dev,2026-08-26T23:19:22Z,2026-08-26T23:20:49Z,0.0,0,0,0,1,0,,,
161,,SantiagoBriz,dev,2026-08-30T16:21:37Z,2026-08-30T20:12:28Z,3.8,1,1,0,11,0,,,
163,,SantiagoBriz,dev,2026-08-30T17:12:46Z,2026-08-30T18:05:20Z,0.9,1,153,0,4,0,,,
164,,SantiagoBriz,dev,2026-08-30T17:40:41Z,2026-08-30T18:58:13Z,1.3,2,202,94,10,0,,,
165,,SantiagoBriz,dev,2026-08-30T18:04:31Z,2026-08-30T18:39:59Z,0.6,3,54,14,7,0,,,
166,,SantiagoBriz,dev,2026-08-30T18:11:43Z,2026-08-30T18:16:57Z,0.1,1,36,2,4,0,,,
167,,SantiagoBriz,dev,2026-08-30T18:22:10Z,2026-08-30T18:23:37Z,0.0,1,53,44,2,0,,,
168,,SantiagoBriz,dev,2026-08-30T20:11:36Z,2026-08-30T20:18:50Z,0.1,2,57,4,3,1,,,
169,162,AlanArevalo1,dev,2026-08-30T22:00:57Z,2026-08-31T08:00:23Z,10.0,2,239,0,13,1,,30,docs/sesiones/2026-08-30-162-codigos-4xx-cost-structures.md
171,,SantiagoBriz,dev,2026-08-30T22:07:22Z,2026-08-31T07:00:20Z,8.9,1,9,0,8,0,,,
172,,SantiagoBriz,dev,2026-08-30T22:17:12Z,2026-08-31T06:00:25Z,7.7,1,143,0,10,1,,,
173,,SantiagoBriz,dev,2026-08-30T22:42:44Z,2026-08-31T05:00:32Z,6.3,3,31,6,3,0,,,
174,,SantiagoBriz,dev,2026-08-31T03:01:57Z,2026-08-31T03:06:36Z,0.1,1,18,11,1,0,,,
175,,SantiagoBriz,dev,2026-08-31T03:14:22Z,2026-08-31T04:00:14Z,0.8,3,112,15,2,0,,,
176,,SantiagoBriz,dev,2026-08-31T21:42:45Z,2026-08-31T22:00:00Z,0.3,4,52,33,6,0,,,
177,,SantiagoBriz,dev,2026-08-31T22:09:29Z,2026-08-31T22:11:40Z,0.0,1,25,1,6,0,,,
178,,SantiagoBriz,dev,2026-09-01T15:29:23Z,2026-09-01T15:35:22Z,0.1,2,6,6,4,0,,,
179,,SantiagoBriz,dev,2026-09-01T15:54:45Z,2026-09-01T16:27:05Z,0.5,1,4,2,3,0,,,
180,,SantiagoBriz,dev,2026-09-01T17:34:08Z,2026-09-01T17:40:49Z,0.1,3,0,134,3,0,,,
183,,SantiagoBriz,dev,2026-09-01T18:39:37Z,2026-09-01T18:45:28Z,0.1,1,107,0,4,0,,,
203,,SantiagoBriz,dev,2026-09-01T19:17:48Z,2026-09-01T19:24:06Z,0.1,1,168,0,4,0,,,
205,184,AlanArevalo1,dev,2026-09-01T19:33:51Z,2026-09-01T20:22:19Z,0.8,4,129,1,18,0,,,docs/sesiones/2026-09-01-184-rol-postgres-sin-bypassrls.md
206,,SantiagoBriz,dev,2026-09-01T19:38:43Z,2026-09-01T19:40:39Z,0.0,2,158,133,4,0,,,
207,,SantiagoBriz,dev,2026-09-01T19:48:28Z,2026-09-01T19:50:21Z,0.0,1,20,5,4,0,,,
208,185,AlanArevalo1,dev,2026-09-01T19:48:52Z,2026-09-01T20:10:19Z,0.4,4,186,0,15,0,,,docs/sesiones/2026-09-01-185-comportamiento-costo.md
209,186,AlanArevalo1,dev,2026-09-01T19:59:07Z,2026-09-01T20:07:53Z,0.1,6,263,0,7,0,,,docs/sesiones/2026-09-01-186-unidades-y-lotes-productivos.md
210,,SantiagoBriz,dev,2026-09-01T20:27:43Z,2026-09-01T20:29:31Z,0.0,1,12,0,4,0,,,
211,,SantiagoBriz,dev,2026-09-01T20:49:39Z,2026-09-01T20:57:21Z,0.1,1,91,5,4,0,,,
212,,SantiagoBriz,dev,2026-09-01T21:09:57Z,2026-09-01T21:11:47Z,0.0,1,43,14,4,0,,,
213,,SantiagoBriz,dev,2026-09-01T22:00:43Z,2026-09-01T22:40:11Z,0.7,1,61,46,4,0,,,
204,182,AlanArevalo1,dev,2026-09-01T19:22:53Z,2026-09-02T01:02:19Z,5.7,7,342,6,18,2,,,docs/sesiones/2026-09-01-182-vocabulario-clasificador.md
214,187,AlanArevalo1,dev,2026-09-02T00:27:32Z,2026-09-02T00:40:09Z,0.2,10,268,2,8,0,,,docs/sesiones/2026-09-02-187-telegram-ingesta.md
215,188,AlanArevalo1,dev,2026-09-02T00:39:58Z,2026-09-02T00:57:33Z,0.3,2,52,8,8,0,,,docs/sesiones/2026-09-02-188-adr-telegram.md
217,190,AlanArevalo1,dev,2026-09-02T02:33:28Z,2026-09-02T02:57:17Z,0.4,7,317,10,6,0,,,docs/sesiones/2026-09-02-190-clasificacion-semilla.md
219,195,AlanArevalo1,dev,2026-09-02T03:08:14Z,2026-09-02T03:27:30Z,0.3,18,783,0,5,0,,,docs/sesiones/2026-09-02-194-eventos-lote.md
221,197,AlanArevalo1,dev,2026-09-02T11:48:36Z,2026-09-02T12:10:13Z,0.4,10,170,0,5,0,,,docs/sesiones/2026-09-02-197-corrida-produccion.md
216,189,AlanArevalo1,dev,2026-09-02T00:57:19Z,2026-09-02T15:54:09Z,14.9,5,480,5,8,0,,,docs/sesiones/2026-09-02-189-contribucion-marginal.md
218,194,AlanArevalo1,dev,2026-09-02T02:57:03Z,2026-09-02T16:44:29Z,13.8,0,0,0,11,0,,,
220,196,AlanArevalo1,dev,2026-09-02T03:27:18Z,2026-09-02T16:53:02Z,13.4,10,241,7,11,0,,,docs/sesiones/2026-09-02-196-deposito.md
222,200,AlanArevalo1,dev,2026-09-02T12:09:59Z,2026-09-02T16:15:53Z,4.1,8,130,0,8,0,,,docs/sesiones/2026-09-02-200-paquete-rubro.md
223,,SantiagoBriz,dev,2026-09-02T15:59:46Z,2026-09-02T16:10:28Z,0.2,2,62,2,4,0,,,
224,191,AlanArevalo1,dev,2026-09-02T17:01:57Z,2026-09-02T17:07:15Z,0.1,5,112,3,6,0,,,docs/sesiones/2026-09-02-191-punto-equilibrio.md
225,,SantiagoBriz,dev,2026-09-02T17:07:02Z,2026-09-02T17:47:18Z,0.7,1,108,9,7,0,,,
227,192,AlanArevalo1,dev,2026-09-02T17:47:03Z,2026-09-02T18:07:39Z,0.3,6,378,0,8,0,,30,docs/sesiones/2026-09-02-192-tablero-dueno.md
228,193,AlanArevalo1,dev,2026-09-02T18:07:26Z,2026-09-02T19:50:32Z,1.7,8,364,3,9,0,,,docs/sesiones/2026-09-02-193-alerta-punto-equilibrio.md
231,,SantiagoBriz,staging,2026-09-03T01:59:31Z,2026-09-03T02:01:27Z,0.0,100,5927,312,4,0,,30,docs/sesiones/2026-08-30-162-codigos-4xx-cost-structures.md
232,199,AlanArevalo1,dev,2026-09-03T11:40:25Z,2026-09-03T14:06:32Z,2.4,10,285,0,8,0,,,docs/sesiones/2026-09-03-199-ventas-variante.md
233,201,AlanArevalo1,dev,2026-09-04T00:50:53Z,2026-09-04T00:57:33Z,0.1,4,115,0,8,0,,,docs/sesiones/2026-09-03-201-paquete-avicola.md
226,198,AlanArevalo1,dev,2026-09-02T17:30:05Z,2026-09-04T04:57:17Z,35.5,12,360,2,24,3,,30,docs/sesiones/2026-09-02-198-stock-por-variante.md
240,,SantiagoBriz,dev,2026-09-04T13:13:14Z,2026-09-04T13:23:44Z,0.2,1,279,122,12,2,,,
241,,SantiagoBriz,dev,2026-09-04T13:35:12Z,2026-09-04T13:40:27Z,0.1,1,39,5,4,0,,,
244,,SantiagoBriz,dev,2026-09-04T14:19:30Z,2026-09-04T17:06:07Z,2.8,1,5,0,4,0,,,
245,,SantiagoBriz,dev,2026-09-04T23:53:02Z,2026-09-05T00:02:36Z,0.2,1,41,0,3,0,,,
242,,SantiagoBriz,dev,2026-09-04T13:45:09Z,2026-09-05T13:58:33Z,24.2,1,97,6,10,0,,,
246,,SantiagoBriz,dev,2026-09-05T14:14:35Z,2026-09-05T14:23:09Z,0.1,1,61,1,3,0,,,
249,235,AlanArevalo1,dev,2026-09-05T15:40:34Z,2026-09-05T17:06:18Z,1.4,4,185,21,5,0,,50,docs/sesiones/2026-09-05-235-parametros-sin-confirmar-tablero.md
247,,SantiagoBriz,dev,2026-09-05T14:31:16Z,2026-09-05T17:40:08Z,3.1,1,23,0,7,0,,,
256,236,AlanArevalo1,dev,2026-09-06T06:33:55Z,2026-09-06T06:35:23Z,0.0,5,166,4,5,0,,,
257,251,AlanArevalo1,dev,2026-09-06T13:21:51Z,2026-09-06T13:23:11Z,0.0,2,32,1,5,0,,,
259,238,AlanArevalo1,dev,2026-09-06T14:10:09Z,2026-09-06T14:11:46Z,0.0,5,118,0,5,0,,,docs/sesiones/2026-09-06-238-lote-activo.md
258,250,AlanArevalo1,dev,2026-09-06T13:57:14Z,2026-09-06T18:47:44Z,4.8,9,365,15,9,0,,,docs/sesiones/2026-09-06-250-e2e-servidor.md
261,237,AlanArevalo1,dev,2026-09-06T18:46:29Z,2026-09-06T19:44:12Z,1.0,7,232,68,11,0,,,docs/sesiones/2026-09-06-237-simulador-costeo.md
262,260,AlanArevalo1,dev,2026-09-06T19:17:56Z,2026-09-06T19:38:47Z,0.3,7,259,1,5,0,,,docs/sesiones/2026-09-06-260-parametros-catalogo.md
263,,SantiagoBriz,dev,2026-09-06T20:08:10Z,2026-09-06T20:09:42Z,0.0,2,525,0,4,0,,,
265,264,SantiagoBriz,dev,2026-09-06T20:45:54Z,2026-09-06T20:47:25Z,0.0,1,9573,9511,3,0,,,
